sample_id,data_source,predicted_species,predicted_phylum,confidence,confidence_pct
FTIR_S001,FTIR,Chlorella vulgaris,Chlorophyta,0.12073527599456323,12.073527599456323
FTIR_S002,FTIR,Spirulina platensis,Cyanobacteria,0.12323829103459123,12.323829103459124
FTIR_S003,FTIR,Porphyridium purpureum,Rhodophyta,0.11839419199563132,11.839419199563132
FTIR_S004,FTIR,Nannochloropsis gaditana,Bacillariophyta,0.1280755324441449,12.80755324441449
FTIR_S005,FTIR,Prorocentrum lima,Dinoflagellata,0.11525723491529327,11.525723491529327
FTIR_S006,FTIR,Spirulina platensis,Cyanobacteria,0.12221534250505778,12.221534250505778
FTIR_S007,FTIR,Nannochloropsis gaditana,Bacillariophyta,0.12497553805787041,12.49755380578704
FTIR_S008,FTIR,Dunaliella tertiolecta,Chlorophyta,0.11999173668954073,11.999173668954073
FTIR_S009,FTIR,Prorocentrum lima,Dinoflagellata,0.11766399121160515,11.766399121160514
FTIR_S010,FTIR,Phaeodactylum tricornutum,Bacillariophyta,0.12472576780865031,12.472576780865031
FTIR_S011,FTIR,Nannochloropsis gaditana,Bacillariophyta,0.13195798223544225,13.195798223544225
FTIR_S012,FTIR,Prorocentrum lima,Dinoflagellata,0.11594075297187854,11.594075297187855
FTIR_S013,FTIR,Scenedesmus obliquus,Chlorophyta,0.11851024849002582,11.851024849002583
FTIR_S014,FTIR,Scenedesmus obliquus,Chlorophyta,0.1280439978369527,12.804399783695269
FTIR_S015,FTIR,Phaeodactylum tricornutum,Bacillariophyta,0.12337136049686619,12.337136049686618
FTIR_S016,FTIR,Nannochloropsis gaditana,Bacillariophyta,0.12232327518422507,12.232327518422508
FTIR_S017,FTIR,Prorocentrum lima,Dinoflagellata,0.11843292208950656,11.843292208950656
FTIR_S018,FTIR,Dunaliella tertiolecta,Chlorophyta,0.12520071840251049,12.520071840251049
FTIR_S019,FTIR,Tetraselmis subcordiformis,Chlorophyta,0.11849876570947253,11.849876570947252
FTIR_S020,FTIR,Phaeodactylum tricornutum,Bacillariophyta,0.12454195635220712,12.454195635220712
FTIR_S021,FTIR,Chlorella vulgaris,Chlorophyta,0.11400859817120151,11.400859817120152
FTIR_S022,FTIR,Nannochloropsis gaditana,Bacillariophyta,0.12158441910377196,12.158441910377196
FTIR_S023,FTIR,Ulva intestinalis,Chlorophyta,0.12126819409043037,12.126819409043037
FTIR_S024,FTIR,Ulva intestinalis,Chlorophyta,0.12218500205556733,12.218500205556733
FTIR_S025,FTIR,Phaeodactylum tricornutum,Bacillariophyta,0.11192622982377766,11.192622982377767
FTIR_S026,FTIR,Nannochloropsis gaditana,Bacillariophyta,0.11845375190097691,11.845375190097691
FTIR_S027,FTIR,Phaeodactylum tricornutum,Bacillariophyta,0.12129148213446052,12.129148213446053
FTIR_S028,FTIR,Tetraselmis subcordiformis,Chlorophyta,0.12524435597063896,12.524435597063896
FTIR_S029,FTIR,Phaeodactylum tricornutum,Bacillariophyta,0.12723276853917734,12.723276853917733
FTIR_S030,FTIR,Porphyridium purpureum,Rhodophyta,0.11755861402773342,11.755861402773341
FTIR_S031,FTIR,Porphyridium purpureum,Rhodophyta,0.11585934308756549,11.58593430875655
FTIR_S032,FTIR,Prorocentrum lima,Dinoflagellata,0.12278427402913669,12.27842740291367
FTIR_S033,FTIR,Dunaliella tertiolecta,Chlorophyta,0.13306649610228707,13.306649610228707
FTIR_S034,FTIR,Spirulina platensis,Cyanobacteria,0.12626625243346132,12.626625243346131
FTIR_S035,FTIR,Tetraselmis subcordiformis,Chlorophyta,0.13316979023851092,13.316979023851092
FTIR_S036,FTIR,Prorocentrum lima,Dinoflagellata,0.12583630689076253,12.583630689076253
FTIR_S037,FTIR,Porphyridium purpureum,Rhodophyta,0.11556887729699931,11.556887729699932
FTIR_S038,FTIR,Scenedesmus obliquus,Chlorophyta,0.13133350338484834,13.133350338484833
FTIR_S039,FTIR,Spirulina platensis,Cyanobacteria,0.1234094304631526,12.34094304631526
FTIR_S040,FTIR,Scenedesmus obliquus,Chlorophyta,0.1300569080210433,13.005690802104331
FTIR_S041,FTIR,Tetraselmis subcordiformis,Chlorophyta,0.12676459299141574,12.676459299141573
FTIR_S042,FTIR,Spirulina platensis,Cyanobacteria,0.11748782201597832,11.748782201597832
FTIR_S043,FTIR,Phaeodactylum tricornutum,Bacillariophyta,0.12465964854426446,12.465964854426446
FTIR_S044,FTIR,Dunaliella tertiolecta,Chlorophyta,0.11906307273271495,11.906307273271494
FTIR_S045,FTIR,Dunaliella tertiolecta,Chlorophyta,0.12490173916954175,12.490173916954175
FTIR_S046,FTIR,Prorocentrum lima,Dinoflagellata,0.12229610957399052,12.229610957399052
FTIR_S047,FTIR,Porphyridium purpureum,Rhodophyta,0.12014435536129131,12.014435536129131
FTIR_S048,FTIR,Prorocentrum lima,Dinoflagellata,0.11934822062499528,11.934822062499528
FTIR_S049,FTIR,Porphyridium purpureum,Rhodophyta,0.12177880471595884,12.177880471595884
FTIR_S050,FTIR,Nannochloropsis gaditana,Bacillariophyta,0.12569279081644522,12.569279081644522
FTIR_S051,FTIR,Dunaliella tertiolecta,Chlorophyta,0.12632878091510313,12.632878091510314
FTIR_S052,FTIR,Prorocentrum lima,Dinoflagellata,0.1160424256607461,11.60424256607461
FTIR_S053,FTIR,Scenedesmus obliquus,Chlorophyta,0.11538410011250654,11.538410011250653
FTIR_S054,FTIR,Dunaliella tertiolecta,Chlorophyta,0.12280996580243936,12.280996580243936
FTIR_S055,FTIR,Dunaliella tertiolecta,Chlorophyta,0.12352645988886336,12.352645988886337
FTIR_S056,FTIR,Tetraselmis subcordiformis,Chlorophyta,0.12046031041387836,12.046031041387836
FTIR_S057,FTIR,Scenedesmus obliquus,Chlorophyta,0.12457699241685759,12.45769924168576
FTIR_S058,FTIR,Chlorella vulgaris,Chlorophyta,0.1303401206252227,13.03401206252227
FTIR_S059,FTIR,Scenedesmus obliquus,Chlorophyta,0.12056620417185857,12.056620417185856
FTIR_S060,FTIR,Ulva intestinalis,Chlorophyta,0.1369255053368995,13.692550533689952
FTIR_S061,FTIR,Spirulina platensis,Cyanobacteria,0.12655368182306395,12.655368182306395
FTIR_S062,FTIR,Scenedesmus obliquus,Chlorophyta,0.13062540187819482,13.062540187819483
FTIR_S063,FTIR,Scenedesmus obliquus,Chlorophyta,0.1232166955703215,12.32166955703215
FTIR_S064,FTIR,Nannochloropsis gaditana,Bacillariophyta,0.1283276453904959,12.83276453904959
FTIR_S065,FTIR,Dunaliella tertiolecta,Chlorophyta,0.11890789301470717,11.890789301470717
FTIR_S066,FTIR,Tetraselmis subcordiformis,Chlorophyta,0.1254122775376492,12.54122775376492
FTIR_S067,FTIR,Chlorella vulgaris,Chlorophyta,0.13592491383766417,13.592491383766417
FTIR_S068,FTIR,Prorocentrum lima,Dinoflagellata,0.11959254263857405,11.959254263857405
FTIR_S069,FTIR,Porphyridium purpureum,Rhodophyta,0.1255900919879306,12.559009198793062
FTIR_S070,FTIR,Porphyridium purpureum,Rhodophyta,0.1261567483930605,12.61567483930605
FTIR_S071,FTIR,Scenedesmus obliquus,Chlorophyta,0.128553677392703,12.8553677392703
FTIR_S072,FTIR,Scenedesmus obliquus,Chlorophyta,0.12027177277152282,12.027177277152282
FTIR_S073,FTIR,Nannochloropsis gaditana,Bacillariophyta,0.127844062010302,12.7844062010302
FTIR_S074,FTIR,Porphyridium purpureum,Rhodophyta,0.11938150799027565,11.938150799027564
FTIR_S075,FTIR,Scenedesmus obliquus,Chlorophyta,0.12616907084870418,12.616907084870418
FTIR_S076,FTIR,Ulva intestinalis,Chlorophyta,0.12701243814421825,12.701243814421826
FTIR_S077,FTIR,Ulva intestinalis,Chlorophyta,0.12005736776542518,12.005736776542518
FTIR_S078,FTIR,Prorocentrum lima,Dinoflagellata,0.1248369500592113,12.483695005921131
FTIR_S079,FTIR,Prorocentrum lima,Dinoflagellata,0.12375254081719021,12.37525408171902
FTIR_S080,FTIR,Phaeodactylum tricornutum,Bacillariophyta,0.12282052769319103,12.282052769319103
FTIR_S081,FTIR,Phaeodactylum tricornutum,Bacillariophyta,0.12150264062229024,12.150264062229024
FTIR_S082,FTIR,Porphyridium purpureum,Rhodophyta,0.13445254072759188,13.44525407275919
FTIR_S083,FTIR,Porphyridium purpureum,Rhodophyta,0.12469801421726197,12.469801421726197
FTIR_S084,FTIR,Chlorella vulgaris,Chlorophyta,0.12980084167004138,12.980084167004138
FTIR_S085,FTIR,Prorocentrum lima,Dinoflagellata,0.1276251187634264,12.76251187634264
FTIR_S086,FTIR,Dunaliella tertiolecta,Chlorophyta,0.135563832152937,13.5563832152937
FTIR_S087,FTIR,Nannochloropsis gaditana,Bacillariophyta,0.11678155964033328,11.678155964033328
FTIR_S088,FTIR,Scenedesmus obliquus,Chlorophyta,0.13561850203619033,13.561850203619032
FTIR_S089,FTIR,Scenedesmus obliquus,Chlorophyta,0.1275765117020763,12.757651170207629
FTIR_S090,FTIR,Spirulina platensis,Cyanobacteria,0.12692565177134313,12.692565177134313
FTIR_S091,FTIR,Prorocentrum lima,Dinoflagellata,0.12630126779962725,12.630126779962724
FTIR_S092,FTIR,Phaeodactylum tricornutum,Bacillariophyta,0.11437391772630158,11.437391772630159
FTIR_S093,FTIR,Nannochloropsis gaditana,Bacillariophyta,0.140088386648069,14.0088386648069
FTIR_S094,FTIR,Dunaliella tertiolecta,Chlorophyta,0.12745050254335297,12.745050254335297
FTIR_S095,FTIR,Phaeodactylum tricornutum,Bacillariophyta,0.1088978787789033,10.889787877890331
FTIR_S096,FTIR,Scenedesmus obliquus,Chlorophyta,0.1248663421108698,12.486634211086981
FTIR_S097,FTIR,Prorocentrum lima,Dinoflagellata,0.11472114897286115,11.472114897286115
FTIR_S098,FTIR,Phaeodactylum tricornutum,Bacillariophyta,0.1287198242933732,12.87198242933732
FTIR_S099,FTIR,Dunaliella tertiolecta,Chlorophyta,0.12214078931234693,12.214078931234692
FTIR_S100,FTIR,Spirulina platensis,Cyanobacteria,0.12416063915866551,12.416063915866552
FTIR_S101,FTIR,Scenedesmus obliquus,Chlorophyta,0.12017651655382083,12.017651655382084
FTIR_S102,FTIR,Phaeodactylum tricornutum,Bacillariophyta,0.1313755330769053,13.137553307690531
FTIR_S103,FTIR,Ulva intestinalis,Chlorophyta,0.1244168967618491,12.44168967618491
FTIR_S104,FTIR,Ulva intestinalis,Chlorophyta,0.12337262120904648,12.337262120904647
FTIR_S105,FTIR,Phaeodactylum tricornutum,Bacillariophyta,0.13128140355340237,13.128140355340237
FTIR_S106,FTIR,Prorocentrum lima,Dinoflagellata,0.12639821006378354,12.639821006378355
FTIR_S107,FTIR,Tetraselmis subcordiformis,Chlorophyta,0.11866894107743829,11.866894107743828
FTIR_S108,FTIR,Porphyridium purpureum,Rhodophyta,0.12361745173461042,12.361745173461042
FTIR_S109,FTIR,Tetraselmis subcordiformis,Chlorophyta,0.11640092036346444,11.640092036346445
FTIR_S110,FTIR,Porphyridium purpureum,Rhodophyta,0.12198275516566733,12.198275516566733
FTIR_S111,FTIR,Nannochloropsis gaditana,Bacillariophyta,0.12983102183032708,12.983102183032708
FTIR_S112,FTIR,Ulva intestinalis,Chlorophyta,0.12690540737893682,12.690540737893683
FTIR_S113,FTIR,Ulva intestinalis,Chlorophyta,0.11759789121589774,11.759789121589774
FTIR_S114,FTIR,Porphyridium purpureum,Rhodophyta,0.13073871999857295,13.073871999857294
FTIR_S115,FTIR,Ulva intestinalis,Chlorophyta,0.12345521420717298,12.345521420717297
FTIR_S116,FTIR,Nannochloropsis gaditana,Bacillariophyta,0.13291911343593876,13.291911343593876
FTIR_S117,FTIR,Tetraselmis subcordiformis,Chlorophyta,0.13242065017862134,13.242065017862133
FTIR_S118,FTIR,Prorocentrum lima,Dinoflagellata,0.12201174343555217,12.201174343555216
FTIR_S119,FTIR,Tetraselmis subcordiformis,Chlorophyta,0.12358640635538981,12.35864063553898
FTIR_S120,FTIR,Spirulina platensis,Cyanobacteria,0.1252661411040594,12.526614110405939
FTIR_S121,FTIR,Phaeodactylum tricornutum,Bacillariophyta,0.11285640757817465,11.285640757817465
FTIR_S122,FTIR,Spirulina platensis,Cyanobacteria,0.11541497383518665,11.541497383518665
FTIR_S123,FTIR,Chlorella vulgaris,Chlorophyta,0.12486726185975439,12.486726185975439
FTIR_S124,FTIR,Phaeodactylum tricornutum,Bacillariophyta,0.1170334307849644,11.70334307849644
FTIR_S125,FTIR,Porphyridium purpureum,Rhodophyta,0.1307563465410661,13.07563465410661
FTIR_S126,FTIR,Spirulina platensis,Cyanobacteria,0.12119075571409783,12.119075571409784
FTIR_S127,FTIR,Phaeodactylum tricornutum,Bacillariophyta,0.1310008891412629,13.10008891412629
FTIR_S128,FTIR,Phaeodactylum tricornutum,Bacillariophyta,0.12123949464812511,12.123949464812512
FTIR_S129,FTIR,Scenedesmus obliquus,Chlorophyta,0.12323252511312623,12.323252511312623
FTIR_S130,FTIR,Phaeodactylum tricornutum,Bacillariophyta,0.12174191825518839,12.17419182551884
FTIR_S131,FTIR,Scenedesmus obliquus,Chlorophyta,0.12168787966917335,12.168787966917336
FTIR_S132,FTIR,Phaeodactylum tricornutum,Bacillariophyta,0.1267917328195806,12.67917328195806
FTIR_S133,FTIR,Prorocentrum lima,Dinoflagellata,0.1408460687643969,14.08460687643969
FTIR_S134,FTIR,Phaeodactylum tricornutum,Bacillariophyta,0.11751354723452122,11.751354723452122
FTIR_S135,FTIR,Ulva intestinalis,Chlorophyta,0.1299767021194459,12.99767021194459
FTIR_S136,FTIR,Nannochloropsis gaditana,Bacillariophyta,0.12410206003877375,12.410206003877375
FTIR_S137,FTIR,Spirulina platensis,Cyanobacteria,0.13219043708094022,13.219043708094022
FTIR_S138,FTIR,Scenedesmus obliquus,Chlorophyta,0.11877953605142404,11.877953605142404
FTIR_S139,FTIR,Chlorella vulgaris,Chlorophyta,0.12045799632238965,12.045799632238966
FTIR_S140,FTIR,Tetraselmis subcordiformis,Chlorophyta,0.11734406863392242,11.734406863392243
FTIR_S141,FTIR,Chlorella vulgaris,Chlorophyta,0.12866823883308223,12.866823883308223
FTIR_S142,FTIR,Tetraselmis subcordiformis,Chlorophyta,0.1394826580018714,13.94826580018714
FTIR_S143,FTIR,Prorocentrum lima,Dinoflagellata,0.13035524205267907,13.035524205267906
FTIR_S144,FTIR,Scenedesmus obliquus,Chlorophyta,0.12055262477502061,12.055262477502062
FTIR_S145,FTIR,Chlorella vulgaris,Chlorophyta,0.1267234546587124,12.67234546587124
FTIR_S146,FTIR,Nannochloropsis gaditana,Bacillariophyta,0.12249916777433835,12.249916777433835
FTIR_S147,FTIR,Chlorella vulgaris,Chlorophyta,0.11832620894794132,11.832620894794132
FTIR_S148,FTIR,Dunaliella tertiolecta,Chlorophyta,0.11687047966607106,11.687047966607105
FTIR_S149,FTIR,Nannochloropsis gaditana,Bacillariophyta,0.11888495007436795,11.888495007436795
FTIR_S150,FTIR,Dunaliella tertiolecta,Chlorophyta,0.12023252664815876,12.023252664815875
FTIR_S151,FTIR,Nannochloropsis gaditana,Bacillariophyta,0.12878015561303707,12.878015561303707
FTIR_S152,FTIR,Dunaliella tertiolecta,Chlorophyta,0.12555387034225585,12.555387034225586
FTIR_S153,FTIR,Ulva intestinalis,Chlorophyta,0.12511045825268696,12.511045825268695
FTIR_S154,FTIR,Dunaliella tertiolecta,Chlorophyta,0.12010730928901012,12.010730928901012
FTIR_S155,FTIR,Phaeodactylum tricornutum,Bacillariophyta,0.11854294665930094,11.854294665930095
FTIR_S156,FTIR,Scenedesmus obliquus,Chlorophyta,0.12498661298568181,12.49866129856818
FTIR_S157,FTIR,Phaeodactylum tricornutum,Bacillariophyta,0.12374674437660875,12.374674437660875
FTIR_S158,FTIR,Chlorella vulgaris,Chlorophyta,0.12482013820437217,12.482013820437217
FTIR_S159,FTIR,Spirulina platensis,Cyanobacteria,0.11812953796128181,11.81295379612818
FTIR_S160,FTIR,Dunaliella tertiolecta,Chlorophyta,0.13936436200159702,13.936436200159703
FTIR_S161,FTIR,Ulva intestinalis,Chlorophyta,0.11338679349011223,11.338679349011223
FTIR_S162,FTIR,Nannochloropsis gaditana,Bacillariophyta,0.12048470817548884,12.048470817548884
FTIR_S163,FTIR,Porphyridium purpureum,Rhodophyta,0.113876039045786,11.387603904578599
FTIR_S164,FTIR,Nannochloropsis gaditana,Bacillariophyta,0.12153688957837239,12.15368895783724
FTIR_S165,FTIR,Prorocentrum lima,Dinoflagellata,0.11976745178423347,11.976745178423347
FTIR_S166,FTIR,Chlorella vulgaris,Chlorophyta,0.11818526695280625,11.818526695280624
FTIR_S167,FTIR,Scenedesmus obliquus,Chlorophyta,0.12170771192102194,12.170771192102194
FTIR_S168,FTIR,Spirulina platensis,Cyanobacteria,0.12703086854113022,12.703086854113021
FTIR_S169,FTIR,Tetraselmis subcordiformis,Chlorophyta,0.11785418387783525,11.785418387783524
FTIR_S170,FTIR,Porphyridium purpureum,Rhodophyta,0.11776774665764973,11.776774665764973
FTIR_S171,FTIR,Chlorella vulgaris,Chlorophyta,0.12564028996883572,12.564028996883572
FTIR_S172,FTIR,Scenedesmus obliquus,Chlorophyta,0.12996057497403266,12.996057497403266
FTIR_S173,FTIR,Dunaliella tertiolecta,Chlorophyta,0.11355543418823433,11.355543418823434
FTIR_S174,FTIR,Dunaliella tertiolecta,Chlorophyta,0.13644093940074511,13.644093940074512
FTIR_S175,FTIR,Spirulina platensis,Cyanobacteria,0.12103528010167067,12.103528010167066
FTIR_S176,FTIR,Tetraselmis subcordiformis,Chlorophyta,0.12111591861696784,12.111591861696784
FTIR_S177,FTIR,Chlorella vulgaris,Chlorophyta,0.12415781977116587,12.415781977116588
FTIR_S178,FTIR,Phaeodactylum tricornutum,Bacillariophyta,0.11443307064770196,11.443307064770195
FTIR_S179,FTIR,Phaeodactylum tricornutum,Bacillariophyta,0.13070666224094016,13.070666224094015
FTIR_S180,FTIR,Spirulina platensis,Cyanobacteria,0.12482880137017219,12.482880137017219
FTIR_S181,FTIR,Spirulina platensis,Cyanobacteria,0.12481733506622109,12.481733506622108
FTIR_S182,FTIR,Dunaliella tertiolecta,Chlorophyta,0.12748905622394327,12.748905622394327
FTIR_S183,FTIR,Ulva intestinalis,Chlorophyta,0.1224116989946831,12.24116989946831
FTIR_S184,FTIR,Dunaliella tertiolecta,Chlorophyta,0.1202021020267009,12.02021020267009
FTIR_S185,FTIR,Porphyridium purpureum,Rhodophyta,0.1159934384740633,11.599343847406331
FTIR_S186,FTIR,Dunaliella tertiolecta,Chlorophyta,0.12322976734547873,12.322976734547874
FTIR_S187,FTIR,Tetraselmis subcordiformis,Chlorophyta,0.12153911664724161,12.153911664724161
FTIR_S188,FTIR,Nannochloropsis gaditana,Bacillariophyta,0.12738319934210376,12.738319934210377
FTIR_S189,FTIR,Scenedesmus obliquus,Chlorophyta,0.13226639690884798,13.226639690884797
FTIR_S190,FTIR,Nannochloropsis gaditana,Bacillariophyta,0.13153015088301576,13.153015088301576
FTIR_S191,FTIR,Tetraselmis subcordiformis,Chlorophyta,0.13636311282806746,13.636311282806746
FTIR_S192,FTIR,Scenedesmus obliquus,Chlorophyta,0.13053787392234528,13.053787392234529
FTIR_S193,FTIR,Phaeodactylum tricornutum,Bacillariophyta,0.1264593283801497,12.64593283801497
FTIR_S194,FTIR,Scenedesmus obliquus,Chlorophyta,0.13583603333593122,13.583603333593123
FTIR_S195,FTIR,Nannochloropsis gaditana,Bacillariophyta,0.12595287956655737,12.595287956655737
HPLC_S001,HPLC,Chlorella vulgaris,Chlorophyta,0.4783869815711353,47.83869815711353
HPLC_S002,HPLC,Nannochloropsis gaditana,Bacillariophyta,0.26297767730476634,26.297767730476636
HPLC_S003,HPLC,Chlorella vulgaris,Chlorophyta,0.37100287647034735,37.10028764703473
HPLC_S004,HPLC,Porphyridium purpureum,Rhodophyta,0.25375073216075483,25.375073216075485
HPLC_S005,HPLC,Nannochloropsis gaditana,Bacillariophyta,0.2266533809261824,22.66533809261824
HPLC_S006,HPLC,Porphyridium purpureum,Rhodophyta,0.3927111085495143,39.27111085495143
HPLC_S007,HPLC,Phaeodactylum tricornutum,Bacillariophyta,0.23722842818107062,23.72284281810706
HPLC_S008,HPLC,Chlorella vulgaris,Chlorophyta,0.2595439246182594,25.954392461825943
HPLC_S009,HPLC,Spirulina platensis,Cyanobacteria,0.2458594466402711,24.58594466402711
HPLC_S010,HPLC,Chlorella vulgaris,Chlorophyta,0.4615743310988594,46.15743310988594
HPLC_S011,HPLC,Phaeodactylum tricornutum,Bacillariophyta,0.24697908237087163,24.697908237087162
HPLC_S012,HPLC,Spirulina platensis,Cyanobacteria,0.28802645448574626,28.802645448574626
HPLC_S013,HPLC,Tetraselmis subcordiformis,Chlorophyta,0.2375695997598797,23.75695997598797
HPLC_S014,HPLC,Chlorella vulgaris,Chlorophyta,0.6718330743335844,67.18330743335844
HPLC_S015,HPLC,Prorocentrum lima,Dinoflagellata,0.22216123237793775,22.216123237793774
HPLC_S016,HPLC,Prorocentrum lima,Dinoflagellata,0.1914410710683798,19.14410710683798
HPLC_S017,HPLC,Spirulina platensis,Cyanobacteria,0.20831448514552392,20.83144851455239
HPLC_S018,HPLC,Spirulina platensis,Cyanobacteria,0.34069751779574986,34.069751779574986
HPLC_S019,HPLC,Chlorella vulgaris,Chlorophyta,0.5155146705938818,51.55146705938818
HPLC_S020,HPLC,Porphyridium purpureum,Rhodophyta,0.2758722053280842,27.58722053280842
HPLC_S021,HPLC,Porphyridium purpureum,Rhodophyta,0.17900039329292186,17.900039329292188
HPLC_S022,HPLC,Prorocentrum lima,Dinoflagellata,0.23381614729556313,23.381614729556315
HPLC_S023,HPLC,Porphyridium purpureum,Rhodophyta,0.2184662016848984,21.84662016848984
HPLC_S024,HPLC,Chlorella vulgaris,Chlorophyta,0.3705501433368521,37.05501433368521
HPLC_S025,HPLC,Prorocentrum lima,Dinoflagellata,0.2384154818728689,23.84154818728689
HPLC_S026,HPLC,Spirulina platensis,Cyanobacteria,0.24990890623763853,24.990890623763853
HPLC_S027,HPLC,Tetraselmis subcordiformis,Chlorophyta,0.21460250467184672,21.46025046718467
HPLC_S028,HPLC,Porphyridium purpureum,Rhodophyta,0.22319414038708343,22.319414038708345
HPLC_S029,HPLC,Nannochloropsis gaditana,Bacillariophyta,0.20081628214383573,20.081628214383574
HPLC_S030,HPLC,Spirulina platensis,Cyanobacteria,0.18366365143006863,18.366365143006863
HPLC_S031,HPLC,Spirulina platensis,Cyanobacteria,0.24292916920373792,24.29291692037379
HPLC_S032,HPLC,Chlorella vulgaris,Chlorophyta,0.3643377449974913,36.43377449974913
HPLC_S033,HPLC,Prorocentrum lima,Dinoflagellata,0.288377693149958,28.837769314995796
HPLC_S034,HPLC,Spirulina platensis,Cyanobacteria,0.24498401993856686,24.498401993856685
HPLC_S035,HPLC,Chlorella vulgaris,Chlorophyta,0.42430598724473095,42.43059872447309
HPLC_S036,HPLC,Tetraselmis subcordiformis,Chlorophyta,0.1973609916578976,19.73609916578976
HPLC_S037,HPLC,Porphyridium purpureum,Rhodophyta,0.18838125465491687,18.838125465491686
HPLC_S038,HPLC,Phaeodactylum tricornutum,Bacillariophyta,0.191239450975568,19.1239450975568
HPLC_S039,HPLC,Prorocentrum lima,Dinoflagellata,0.21619224516544194,21.619224516544193
HPLC_S040,HPLC,Chlorella vulgaris,Chlorophyta,0.5585687939477861,55.856879394778616
HPLC_S041,HPLC,Porphyridium purpureum,Rhodophyta,0.3610815352449891,36.10815352449891
HPLC_S042,HPLC,Prorocentrum lima,Dinoflagellata,0.24341815968176103,24.341815968176103
HPLC_S043,HPLC,Chlorella vulgaris,Chlorophyta,0.39344125806973246,39.344125806973246
HPLC_S044,HPLC,Porphyridium purpureum,Rhodophyta,0.24437276849209938,24.437276849209937
HPLC_S045,HPLC,Tetraselmis subcordiformis,Chlorophyta,0.19212261966513727,19.212261966513726
HPLC_S046,HPLC,Chlorella vulgaris,Chlorophyta,0.4435159650252552,44.35159650252552
HPLC_S047,HPLC,Phaeodactylum tricornutum,Bacillariophyta,0.25579959996818824,25.579959996818825
HPLC_S048,HPLC,Phaeodactylum tricornutum,Bacillariophyta,0.17364447767344193,17.364447767344192
HPLC_S049,HPLC,Porphyridium purpureum,Rhodophyta,0.2740050386373883,27.40050386373883
HPLC_S050,HPLC,Spirulina platensis,Cyanobacteria,0.27564587956172926,27.564587956172925
HPLC_S051,HPLC,Prorocentrum lima,Dinoflagellata,0.21867480097553374,21.867480097553376
HPLC_S052,HPLC,Chlorella vulgaris,Chlorophyta,0.5833528933910695,58.33528933910696
HPLC_S053,HPLC,Spirulina platensis,Cyanobacteria,0.2024117876700165,20.24117876700165
HPLC_S054,HPLC,Prorocentrum lima,Dinoflagellata,0.28615067239559205,28.615067239559206
HPLC_S055,HPLC,Nannochloropsis gaditana,Bacillariophyta,0.21860800796941496,21.860800796941497
HPLC_S056,HPLC,Chlorella vulgaris,Chlorophyta,0.48599244968763156,48.59924496876316
HPLC_S057,HPLC,Nannochloropsis gaditana,Bacillariophyta,0.21623300815626542,21.623300815626543
HPLC_S058,HPLC,Chlorella vulgaris,Chlorophyta,0.6165268614812821,61.65268614812821
HPLC_S059,HPLC,Phaeodactylum tricornutum,Bacillariophyta,0.20310203642993743,20.310203642993745
HPLC_S060,HPLC,Tetraselmis subcordiformis,Chlorophyta,0.2476462013434157,24.76462013434157
HPLC_S061,HPLC,Chlorella vulgaris,Chlorophyta,0.6550709549534569,65.5070954953457
HPLC_S062,HPLC,Porphyridium purpureum,Rhodophyta,0.1906476996102285,19.06476996102285
HPLC_S063,HPLC,Spirulina platensis,Cyanobacteria,0.26594005061067005,26.594005061067005
HPLC_S064,HPLC,Chlorella vulgaris,Chlorophyta,0.22170367578889988,22.170367578889987
HPLC_S065,HPLC,Porphyridium purpureum,Rhodophyta,0.2595659475729499,25.956594757294987
HPLC_S066,HPLC,Chlorella vulgaris,Chlorophyta,0.6199533771443636,61.99533771443636
HPLC_S067,HPLC,Spirulina platensis,Cyanobacteria,0.2561854838179773,25.61854838179773
HPLC_S068,HPLC,Nannochloropsis gaditana,Bacillariophyta,0.24643317690041094,24.643317690041094
HPLC_S069,HPLC,Nannochloropsis gaditana,Bacillariophyta,0.18628494882260635,18.628494882260636
HPLC_S070,HPLC,Chlorella vulgaris,Chlorophyta,0.5399007942885635,53.990079428856355
HPLC_S071,HPLC,Phaeodactylum tricornutum,Bacillariophyta,0.24038101105500198,24.038101105500196
HPLC_S072,HPLC,Nannochloropsis gaditana,Bacillariophyta,0.2528802898776489,25.28802898776489
HPLC_S073,HPLC,Phaeodactylum tricornutum,Bacillariophyta,0.3274612135620808,32.74612135620808
HPLC_S074,HPLC,Phaeodactylum tricornutum,Bacillariophyta,0.2575871631252949,25.75871631252949
HPLC_S075,HPLC,Chlorella vulgaris,Chlorophyta,0.4459221896228092,44.592218962280924
HPLC_S076,HPLC,Chlorella vulgaris,Chlorophyta,0.670553924719974,67.0553924719974
HPLC_S077,HPLC,Spirulina platensis,Cyanobacteria,0.24559380009071624,24.559380009071624
HPLC_S078,HPLC,Porphyridium purpureum,Rhodophyta,0.23915994208743224,23.915994208743225
HPLC_S079,HPLC,Tetraselmis subcordiformis,Chlorophyta,0.22557224996981354,22.557224996981354
HPLC_S080,HPLC,Chlorella vulgaris,Chlorophyta,0.22965401288855725,22.965401288855723
HPLC_S081,HPLC,Nannochloropsis gaditana,Bacillariophyta,0.264564972213032,26.4564972213032
HPLC_S082,HPLC,Chlorella vulgaris,Chlorophyta,0.37289958264164913,37.289958264164916
HPLC_S083,HPLC,Chlorella vulgaris,Chlorophyta,0.3801487025119646,38.014870251196456
HPLC_S084,HPLC,Chlorella vulgaris,Chlorophyta,0.5057524774463167,50.57524774463167
HPLC_S085,HPLC,Chlorella vulgaris,Chlorophyta,0.22097053902341096,22.097053902341095
HPLC_S086,HPLC,Chlorella vulgaris,Chlorophyta,0.6999687484392482,69.99687484392481
HPLC_S087,HPLC,Phaeodactylum tricornutum,Bacillariophyta,0.19964608128357428,19.964608128357426
HPLC_S088,HPLC,Tetraselmis subcordiformis,Chlorophyta,0.2520182472272179,25.20182472272179
HPLC_S089,HPLC,Prorocentrum lima,Dinoflagellata,0.2442307973897847,24.42307973897847
HPLC_S090,HPLC,Nannochloropsis gaditana,Bacillariophyta,0.2627700812427159,26.27700812427159
HPLC_S091,HPLC,Phaeodactylum tricornutum,Bacillariophyta,0.28286784200993603,28.286784200993605
HPLC_S092,HPLC,Chlorella vulgaris,Chlorophyta,0.1890237165436855,18.90237165436855
HPLC_S093,HPLC,Phaeodactylum tricornutum,Bacillariophyta,0.22028301321210966,22.028301321210968
HPLC_S094,HPLC,Phaeodactylum tricornutum,Bacillariophyta,0.22519542361651987,22.519542361651986
HPLC_S095,HPLC,Prorocentrum lima,Dinoflagellata,0.2172558075432145,21.72558075432145
HPLC_S096,HPLC,Chlorella vulgaris,Chlorophyta,0.5847211773803535,58.472117738035344
HPLC_S097,HPLC,Prorocentrum lima,Dinoflagellata,0.1974075711927471,19.74075711927471
HPLC_S098,HPLC,Chlorella vulgaris,Chlorophyta,0.3290172141568285,32.90172141568285
HPLC_S099,HPLC,Chlorella vulgaris,Chlorophyta,0.32042153109179794,32.04215310917979
HPLC_S100,HPLC,Phaeodactylum tricornutum,Bacillariophyta,0.2641703434799699,26.417034347996992
HPLC_S101,HPLC,Chlorella vulgaris,Chlorophyta,0.5219697304025294,52.196973040252935
HPLC_S102,HPLC,Nannochloropsis gaditana,Bacillariophyta,0.19914679635227248,19.914679635227248
HPLC_S103,HPLC,Porphyridium purpureum,Rhodophyta,0.2530485653178746,25.30485653178746
HPLC_S104,HPLC,Chlorella vulgaris,Chlorophyta,0.552067169790649,55.20671697906489
HPLC_S105,HPLC,Chlorella vulgaris,Chlorophyta,0.18401382837824629,18.401382837824627
HPLC_S106,HPLC,Chlorella vulgaris,Chlorophyta,0.3871050127187312,38.71050127187312
HPLC_S107,HPLC,Chlorella vulgaris,Chlorophyta,0.19166729901257676,19.166729901257675
HPLC_S108,HPLC,Prorocentrum lima,Dinoflagellata,0.22413282429675316,22.413282429675316
HPLC_S109,HPLC,Prorocentrum lima,Dinoflagellata,0.18496387722217214,18.496387722217214
HPLC_S110,HPLC,Chlorella vulgaris,Chlorophyta,0.3365678692621675,33.656786926216746
HPLC_S111,HPLC,Prorocentrum lima,Dinoflagellata,0.20985057727620474,20.985057727620475
HPLC_S112,HPLC,Tetraselmis subcordiformis,Chlorophyta,0.2491343621284727,24.91343621284727
HPLC_S113,HPLC,Chlorella vulgaris,Chlorophyta,0.47430179025175284,47.430179025175285
HPLC_S114,HPLC,Tetraselmis subcordiformis,Chlorophyta,0.25741094701135736,25.741094701135736
HPLC_S115,HPLC,Spirulina platensis,Cyanobacteria,0.22353404540688432,22.35340454068843
HPLC_S116,HPLC,Phaeodactylum tricornutum,Bacillariophyta,0.21493858667244822,21.493858667244822
HPLC_S117,HPLC,Nannochloropsis gaditana,Bacillariophyta,0.23426793647502453,23.426793647502453
HPLC_S118,HPLC,Tetraselmis subcordiformis,Chlorophyta,0.2341796317055456,23.41796317055456
HPLC_S119,HPLC,Spirulina platensis,Cyanobacteria,0.24683270909348037,24.68327090934804
HPLC_S120,HPLC,Spirulina platensis,Cyanobacteria,0.17362438343520611,17.362438343520612
HPLC_S121,HPLC,Chlorella vulgaris,Chlorophyta,0.5105504650049191,51.055046500491905
HPLC_S122,HPLC,Phaeodactylum tricornutum,Bacillariophyta,0.19829598724992165,19.829598724992163
HPLC_S123,HPLC,Chlorella vulgaris,Chlorophyta,0.1953559812788121,19.535598127881208
HPLC_S124,HPLC,Prorocentrum lima,Dinoflagellata,0.23814661751512875,23.814661751512876
HPLC_S125,HPLC,Nannochloropsis gaditana,Bacillariophyta,0.1916350700052722,19.16350700052722
HPLC_S126,HPLC,Spirulina platensis,Cyanobacteria,0.21161644332756066,21.161644332756065
HPLC_S127,HPLC,Chlorella vulgaris,Chlorophyta,0.42390437798810715,42.390437798810716
HPLC_S128,HPLC,Prorocentrum lima,Dinoflagellata,0.2111789080144898,21.11789080144898
HPLC_S129,HPLC,Nannochloropsis gaditana,Bacillariophyta,0.20850811436910313,20.850811436910313
HPLC_S130,HPLC,Chlorella vulgaris,Chlorophyta,0.2343122425439116,23.431224254391157
HPLC_S131,HPLC,Phaeodactylum tricornutum,Bacillariophyta,0.23339537805915803,23.339537805915803
HPLC_S132,HPLC,Porphyridium purpureum,Rhodophyta,0.2178066315185862,21.78066315185862
HPLC_S133,HPLC,Prorocentrum lima,Dinoflagellata,0.19130679611476228,19.13067961147623
HPLC_S134,HPLC,Spirulina platensis,Cyanobacteria,0.2565504655476957,25.655046554769573
HPLC_S135,HPLC,Chlorella vulgaris,Chlorophyta,0.5493783363610982,54.93783363610982
HPLC_S136,HPLC,Spirulina platensis,Cyanobacteria,0.24283086600907555,24.283086600907556
HPLC_S137,HPLC,Porphyridium purpureum,Rhodophyta,0.34878403941218855,34.878403941218856
HPLC_S138,HPLC,Porphyridium purpureum,Rhodophyta,0.4190069215326491,41.90069215326491
HPLC_S139,HPLC,Phaeodactylum tricornutum,Bacillariophyta,0.23394407743563017,23.39440774356302
HPLC_S140,HPLC,Porphyridium purpureum,Rhodophyta,0.3671099894614303,36.71099894614303
HPLC_S141,HPLC,Porphyridium purpureum,Rhodophyta,0.24854106424997266,24.854106424997266
HPLC_S142,HPLC,Chlorella vulgaris,Chlorophyta,0.25841770997631364,25.841770997631365
HPLC_S143,HPLC,Prorocentrum lima,Dinoflagellata,0.2018649200865579,20.18649200865579
HPLC_S144,HPLC,Prorocentrum lima,Dinoflagellata,0.24727220309422546,24.727220309422545
HPLC_S145,HPLC,Spirulina platensis,Cyanobacteria,0.21569515146361012,21.569515146361013
HPLC_S146,HPLC,Prorocentrum lima,Dinoflagellata,0.21107393916224082,21.107393916224083
HPLC_S147,HPLC,Prorocentrum lima,Dinoflagellata,0.22300470562406166,22.300470562406165
HPLC_S148,HPLC,Tetraselmis subcordiformis,Chlorophyta,0.26428533670798,26.428533670798
HPLC_S149,HPLC,Prorocentrum lima,Dinoflagellata,0.19875154781069462,19.87515478106946
HPLC_S150,HPLC,Porphyridium purpureum,Rhodophyta,0.2846449762184143,28.464497621841428
HPLC_S151,HPLC,Chlorella vulgaris,Chlorophyta,0.19508615640647867,19.508615640647868
HPLC_S152,HPLC,Chlorella vulgaris,Chlorophyta,0.5247440542630133,52.47440542630133
HPLC_S153,HPLC,Porphyridium purpureum,Rhodophyta,0.30290804570410296,30.290804570410295
HPLC_S154,HPLC,Porphyridium purpureum,Rhodophyta,0.21684552484021866,21.684552484021864
HPLC_S155,HPLC,Prorocentrum lima,Dinoflagellata,0.23274068930180977,23.274068930180977
HPLC_S156,HPLC,Chlorella vulgaris,Chlorophyta,0.23667244692747005,23.667244692747005
HPLC_S157,HPLC,Chlorella vulgaris,Chlorophyta,0.20631667349032984,20.631667349032984
HPLC_S158,HPLC,Porphyridium purpureum,Rhodophyta,0.3765818967168387,37.65818967168387
HPLC_S159,HPLC,Tetraselmis subcordiformis,Chlorophyta,0.21502187163362577,21.502187163362578
HPLC_S160,HPLC,Chlorella vulgaris,Chlorophyta,0.6257492810511687,62.57492810511687
HPLC_S161,HPLC,Chlorella vulgaris,Chlorophyta,0.3238311951904542,32.38311951904542
HPLC_S162,HPLC,Nannochloropsis gaditana,Bacillariophyta,0.19581102964253244,19.581102964253244
HPLC_S163,HPLC,Chlorella vulgaris,Chlorophyta,0.19319130049465372,19.31913004946537
HPLC_S164,HPLC,Prorocentrum lima,Dinoflagellata,0.1974636635144618,19.74636635144618
HPLC_S165,HPLC,Porphyridium purpureum,Rhodophyta,0.2452499007081724,24.52499007081724
HPLC_S166,HPLC,Nannochloropsis gaditana,Bacillariophyta,0.26261213960788143,26.261213960788144
HPLC_S167,HPLC,Chlorella vulgaris,Chlorophyta,0.1943567316802416,19.43567316802416
HPLC_S168,HPLC,Phaeodactylum tricornutum,Bacillariophyta,0.28513785842014894,28.513785842014894
HPLC_S169,HPLC,Spirulina platensis,Cyanobacteria,0.2467738622557184,24.67738622557184
HPLC_S170,HPLC,Phaeodactylum tricornutum,Bacillariophyta,0.284401732218289,28.4401732218289
HPLC_S171,HPLC,Chlorella vulgaris,Chlorophyta,0.3590785964984633,35.90785964984633
HPLC_S172,HPLC,Chlorella vulgaris,Chlorophyta,0.5359514606950909,53.59514606950909
HPLC_S173,HPLC,Phaeodactylum tricornutum,Bacillariophyta,0.19316871563559435,19.316871563559435
HPLC_S174,HPLC,Porphyridium purpureum,Rhodophyta,0.4853572418573791,48.53572418573791
HPLC_S175,HPLC,Prorocentrum lima,Dinoflagellata,0.2369017932314071,23.690179323140708
HPLC_S176,HPLC,Phaeodactylum tricornutum,Bacillariophyta,0.22457365131410328,22.457365131410327
HPLC_S177,HPLC,Spirulina platensis,Cyanobacteria,0.21804106797620593,21.80410679762059
HPLC_S178,HPLC,Tetraselmis subcordiformis,Chlorophyta,0.21142080985125392,21.142080985125393
HPLC_S179,HPLC,Porphyridium purpureum,Rhodophyta,0.29262490801921087,29.262490801921086
HPLC_S180,HPLC,Chlorella vulgaris,Chlorophyta,0.4469644071900167,44.696440719001664
HPLC_S181,HPLC,Porphyridium purpureum,Rhodophyta,0.26581340396315906,26.581340396315905
HPLC_S182,HPLC,Nannochloropsis gaditana,Bacillariophyta,0.20099396957249965,20.099396957249965
HPLC_S183,HPLC,Chlorella vulgaris,Chlorophyta,0.5981188239419439,59.81188239419439
HPLC_S184,HPLC,Chlorella vulgaris,Chlorophyta,0.5279289740633645,52.79289740633645
HPLC_S185,HPLC,Tetraselmis subcordiformis,Chlorophyta,0.22331597327207262,22.331597327207263
HPLC_S186,HPLC,Porphyridium purpureum,Rhodophyta,0.25726467493938976,25.726467493938976
HPLC_S187,HPLC,Chlorella vulgaris,Chlorophyta,0.47492212297487474,47.49221229748748
HPLC_S188,HPLC,Chlorella vulgaris,Chlorophyta,0.23516878471843522,23.516878471843523
HPLC_S189,HPLC,Chlorella vulgaris,Chlorophyta,0.2211584804963288,22.11584804963288
HPLC_S190,HPLC,Porphyridium purpureum,Rhodophyta,0.3419435619628252,34.19435619628252
HPLC_S191,HPLC,Chlorella vulgaris,Chlorophyta,0.42251799327162776,42.25179932716278
HPLC_S192,HPLC,Phaeodactylum tricornutum,Bacillariophyta,0.23610378589409606,23.610378589409606
HPLC_S193,HPLC,Porphyridium purpureum,Rhodophyta,0.23867137059266452,23.86713705926645
HPLC_S194,HPLC,Chlorella vulgaris,Chlorophyta,0.3693388139920427,36.933881399204274
HPLC_S195,HPLC,Phaeodactylum tricornutum,Bacillariophyta,0.28381634775894704,28.381634775894703
GCMS_S001,GCMS,Prorocentrum lima,Dinoflagellata,0.23809915023527017,23.80991502352702
GCMS_S002,GCMS,Tetraselmis subcordiformis,Chlorophyta,0.25459404437676353,25.45940443767635
GCMS_S003,GCMS,Spirulina platensis,Cyanobacteria,0.2946357687736976,29.463576877369764
GCMS_S004,GCMS,Chlorella vulgaris,Chlorophyta,0.21433137329869995,21.433137329869993
GCMS_S005,GCMS,Prorocentrum lima,Dinoflagellata,0.22198820565734426,22.198820565734426
GCMS_S006,GCMS,Phaeodactylum tricornutum,Bacillariophyta,0.32357594290477865,32.35759429047786
GCMS_S007,GCMS,Nannochloropsis gaditana,Bacillariophyta,0.25693866740666477,25.693866740666476
GCMS_S008,GCMS,Spirulina platensis,Cyanobacteria,0.32747364403669127,32.747364403669124
GCMS_S009,GCMS,Phaeodactylum tricornutum,Bacillariophyta,0.2528376225835733,25.283762258357328
GCMS_S010,GCMS,Tetraselmis subcordiformis,Chlorophyta,0.31107487686838986,31.107487686838986
GCMS_S011,GCMS,Phaeodactylum tricornutum,Bacillariophyta,0.21451488660062132,21.451488660062132
GCMS_S012,GCMS,Prorocentrum lima,Dinoflagellata,0.20072438336458256,20.072438336458255
GCMS_S013,GCMS,Spirulina platensis,Cyanobacteria,0.2614730642215496,26.14730642215496
GCMS_S014,GCMS,Phaeodactylum tricornutum,Bacillariophyta,0.2542199587644945,25.42199587644945
GCMS_S015,GCMS,Nannochloropsis gaditana,Bacillariophyta,0.23629507645911269,23.629507645911268
GCMS_S016,GCMS,Nannochloropsis gaditana,Bacillariophyta,0.2351629508226229,23.51629508226229
GCMS_S017,GCMS,Tetraselmis subcordiformis,Chlorophyta,0.2860662467529063,28.606624675290632
GCMS_S018,GCMS,Phaeodactylum tricornutum,Bacillariophyta,0.2897897600326411,28.978976003264112
GCMS_S019,GCMS,Phaeodactylum tricornutum,Bacillariophyta,0.35767572808301784,35.767572808301786
GCMS_S020,GCMS,Nannochloropsis gaditana,Bacillariophyta,0.27045706557246935,27.045706557246934
GCMS_S021,GCMS,Prorocentrum lima,Dinoflagellata,0.2098078957229613,20.98078957229613
GCMS_S022,GCMS,Prorocentrum lima,Dinoflagellata,0.2795538998561398,27.955389985613984
GCMS_S023,GCMS,Spirulina platensis,Cyanobacteria,0.21337553343894122,21.337553343894122
GCMS_S024,GCMS,Phaeodactylum tricornutum,Bacillariophyta,0.2972965504575111,29.72965504575111
GCMS_S025,GCMS,Phaeodactylum tricornutum,Bacillariophyta,0.3423794618880395,34.23794618880395
GCMS_S026,GCMS,Chlorella vulgaris,Chlorophyta,0.2610648463556023,26.10648463556023
GCMS_S027,GCMS,Chlorella vulgaris,Chlorophyta,0.3054154711602494,30.54154711602494
GCMS_S028,GCMS,Chlorella vulgaris,Chlorophyta,0.32085048580928877,32.08504858092888
GCMS_S029,GCMS,Nannochloropsis gaditana,Bacillariophyta,0.2699893582573035,26.998935825730353
GCMS_S030,GCMS,Nannochloropsis gaditana,Bacillariophyta,0.25479195985355724,25.479195985355723
GCMS_S031,GCMS,Phaeodactylum tricornutum,Bacillariophyta,0.28060003282653473,28.060003282653472
GCMS_S032,GCMS,Spirulina platensis,Cyanobacteria,0.3260930780666003,32.609307806660034
GCMS_S033,GCMS,Tetraselmis subcordiformis,Chlorophyta,0.2056365213450011,20.56365213450011
GCMS_S034,GCMS,Prorocentrum lima,Dinoflagellata,0.29836289617042877,29.836289617042876
GCMS_S035,GCMS,Phaeodactylum tricornutum,Bacillariophyta,0.2707943565217877,27.07943565217877
GCMS_S036,GCMS,Tetraselmis subcordiformis,Chlorophyta,0.2439560713082312,24.39560713082312
GCMS_S037,GCMS,Spirulina platensis,Cyanobacteria,0.27371775538531073,27.371775538531075
GCMS_S038,GCMS,Spirulina platensis,Cyanobacteria,0.30839076831557694,30.839076831557694
GCMS_S039,GCMS,Nannochloropsis gaditana,Bacillariophyta,0.3109924219021254,31.09924219021254
GCMS_S040,GCMS,Prorocentrum lima,Dinoflagellata,0.37099773071312403,37.099773071312406
GCMS_S041,GCMS,Nannochloropsis gaditana,Bacillariophyta,0.2615420595558659,26.15420595558659
GCMS_S042,GCMS,Nannochloropsis gaditana,Bacillariophyta,0.30185015976814034,30.185015976814032
GCMS_S043,GCMS,Phaeodactylum tricornutum,Bacillariophyta,0.24169897671941465,24.169897671941463
GCMS_S044,GCMS,Nannochloropsis gaditana,Bacillariophyta,0.23928100011485015,23.928100011485014
GCMS_S045,GCMS,Nannochloropsis gaditana,Bacillariophyta,0.24783707699576443,24.783707699576443
GCMS_S046,GCMS,Tetraselmis subcordiformis,Chlorophyta,0.27610504379406375,27.610504379406375
GCMS_S047,GCMS,Prorocentrum lima,Dinoflagellata,0.23781850106489227,23.781850106489227
GCMS_S048,GCMS,Tetraselmis subcordiformis,Chlorophyta,0.22489896679564803,22.4898966795648
GCMS_S049,GCMS,Chlorella vulgaris,Chlorophyta,0.3004177566196407,30.04177566196407
GCMS_S050,GCMS,Tetraselmis subcordiformis,Chlorophyta,0.2589760672168034,25.89760672168034
GCMS_S051,GCMS,Nannochloropsis gaditana,Bacillariophyta,0.2874991149451972,28.74991149451972
GCMS_S052,GCMS,Prorocentrum lima,Dinoflagellata,0.22792934216163369,22.792934216163367
GCMS_S053,GCMS,Prorocentrum lima,Dinoflagellata,0.24874123920491392,24.874123920491392
GCMS_S054,GCMS,Prorocentrum lima,Dinoflagellata,0.3232772212477036,32.32772212477036
GCMS_S055,GCMS,Nannochloropsis gaditana,Bacillariophyta,0.30348931738533674,30.348931738533675
GCMS_S056,GCMS,Chlorella vulgaris,Chlorophyta,0.19408375689194046,19.408375689194045
GCMS_S057,GCMS,Spirulina platensis,Cyanobacteria,0.22443923969293883,22.443923969293884
GCMS_S058,GCMS,Nannochloropsis gaditana,Bacillariophyta,0.2296303384862956,22.96303384862956
GCMS_S059,GCMS,Tetraselmis subcordiformis,Chlorophyta,0.25238250050837885,25.238250050837884
GCMS_S060,GCMS,Phaeodactylum tricornutum,Bacillariophyta,0.31096566876861026,31.096566876861026
GCMS_S061,GCMS,Spirulina platensis,Cyanobacteria,0.2631956322011521,26.31956322011521
GCMS_S062,GCMS,Chlorella vulgaris,Chlorophyta,0.2592709100412452,25.92709100412452
GCMS_S063,GCMS,Phaeodactylum tricornutum,Bacillariophyta,0.3154070996282772,31.54070996282772
GCMS_S064,GCMS,Phaeodactylum tricornutum,Bacillariophyta,0.2580451913355609,25.80451913355609
GCMS_S065,GCMS,Phaeodactylum tricornutum,Bacillariophyta,0.24203831282040197,24.2038312820402
GCMS_S066,GCMS,Tetraselmis subcordiformis,Chlorophyta,0.2545940286619945,25.459402866199447
GCMS_S067,GCMS,Spirulina platensis,Cyanobacteria,0.2698506398841544,26.98506398841544
GCMS_S068,GCMS,Prorocentrum lima,Dinoflagellata,0.2259936032282471,22.59936032282471
GCMS_S069,GCMS,Nannochloropsis gaditana,Bacillariophyta,0.24374161031600247,24.37416103160025
GCMS_S070,GCMS,Chlorella vulgaris,Chlorophyta,0.2453188004820874,24.53188004820874
GCMS_S071,GCMS,Phaeodactylum tricornutum,Bacillariophyta,0.27244644569770543,27.244644569770543
GCMS_S072,GCMS,Chlorella vulgaris,Chlorophyta,0.2983032593801864,29.830325938018643
GCMS_S073,GCMS,Spirulina platensis,Cyanobacteria,0.2842118362513881,28.421183625138806
GCMS_S074,GCMS,Nannochloropsis gaditana,Bacillariophyta,0.32491982508585554,32.49198250858555
GCMS_S075,GCMS,Tetraselmis subcordiformis,Chlorophyta,0.2620009575280289,26.200095752802888
GCMS_S076,GCMS,Phaeodactylum tricornutum,Bacillariophyta,0.25415641822886126,25.415641822886126
GCMS_S077,GCMS,Nannochloropsis gaditana,Bacillariophyta,0.253233662443558,25.3233662443558
GCMS_S078,GCMS,Phaeodactylum tricornutum,Bacillariophyta,0.28731129992334464,28.731129992334463
GCMS_S079,GCMS,Tetraselmis subcordiformis,Chlorophyta,0.22993054004483132,22.99305400448313
GCMS_S080,GCMS,Spirulina platensis,Cyanobacteria,0.29796734665923574,29.796734665923573
GCMS_S081,GCMS,Prorocentrum lima,Dinoflagellata,0.3255476517154529,32.55476517154529
GCMS_S082,GCMS,Phaeodactylum tricornutum,Bacillariophyta,0.2132314346715049,21.32314346715049
GCMS_S083,GCMS,Phaeodactylum tricornutum,Bacillariophyta,0.2515759216717412,25.15759216717412
GCMS_S084,GCMS,Phaeodactylum tricornutum,Bacillariophyta,0.27133775916256636,27.133775916256635
GCMS_S085,GCMS,Nannochloropsis gaditana,Bacillariophyta,0.2739384198326648,27.39384198326648
GCMS_S086,GCMS,Chlorella vulgaris,Chlorophyta,0.2541495056533234,25.41495056533234
GCMS_S087,GCMS,Spirulina platensis,Cyanobacteria,0.2699040784717198,26.990407847171983
GCMS_S088,GCMS,Prorocentrum lima,Dinoflagellata,0.2737965517745281,27.37965517745281
GCMS_S089,GCMS,Spirulina platensis,Cyanobacteria,0.22855205092610079,22.855205092610078
GCMS_S090,GCMS,Prorocentrum lima,Dinoflagellata,0.24080189167294508,24.080189167294506
GCMS_S091,GCMS,Spirulina platensis,Cyanobacteria,0.23432951997139612,23.43295199713961
GCMS_S092,GCMS,Phaeodactylum tricornutum,Bacillariophyta,0.2711089867717944,27.110898677179442
GCMS_S093,GCMS,Phaeodactylum tricornutum,Bacillariophyta,0.2774400946386349,27.744009463863488
GCMS_S094,GCMS,Spirulina platensis,Cyanobacteria,0.22912238190110973,22.912238190110973
GCMS_S095,GCMS,Phaeodactylum tricornutum,Bacillariophyta,0.2310658541195261,23.10658541195261
GCMS_S096,GCMS,Phaeodactylum tricornutum,Bacillariophyta,0.26629627825094854,26.629627825094854
GCMS_S097,GCMS,Nannochloropsis gaditana,Bacillariophyta,0.24900404223233924,24.900404223233924
GCMS_S098,GCMS,Tetraselmis subcordiformis,Chlorophyta,0.24978032281515672,24.978032281515674
GCMS_S099,GCMS,Tetraselmis subcordiformis,Chlorophyta,0.2679323575590387,26.793235755903872
GCMS_S100,GCMS,Spirulina platensis,Cyanobacteria,0.2859484142677895,28.59484142677895
GCMS_S101,GCMS,Phaeodactylum tricornutum,Bacillariophyta,0.30496153876616167,30.496153876616166
GCMS_S102,GCMS,Prorocentrum lima,Dinoflagellata,0.2209221241005086,22.09221241005086
GCMS_S103,GCMS,Prorocentrum lima,Dinoflagellata,0.22480687947890052,22.48068794789005
GCMS_S104,GCMS,Spirulina platensis,Cyanobacteria,0.2734515404036123,27.34515404036123
GCMS_S105,GCMS,Chlorella vulgaris,Chlorophyta,0.2630635315128826,26.30635315128826
GCMS_S106,GCMS,Phaeodactylum tricornutum,Bacillariophyta,0.24212863043451635,24.212863043451634
GCMS_S107,GCMS,Spirulina platensis,Cyanobacteria,0.28750465414944276,28.750465414944276
GCMS_S108,GCMS,Phaeodactylum tricornutum,Bacillariophyta,0.20613697264786465,20.613697264786467
GCMS_S109,GCMS,Nannochloropsis gaditana,Bacillariophyta,0.1930222799083379,19.30222799083379
GCMS_S110,GCMS,Nannochloropsis gaditana,Bacillariophyta,0.319271132511816,31.9271132511816
GCMS_S111,GCMS,Nannochloropsis gaditana,Bacillariophyta,0.21663136214839945,21.663136214839945
GCMS_S112,GCMS,Chlorella vulgaris,Chlorophyta,0.2531545906941759,25.31545906941759
GCMS_S113,GCMS,Spirulina platensis,Cyanobacteria,0.20678311202733446,20.678311202733447
GCMS_S114,GCMS,Prorocentrum lima,Dinoflagellata,0.3402502702940316,34.02502702940316
GCMS_S115,GCMS,Prorocentrum lima,Dinoflagellata,0.29636719411532214,29.636719411532216
GCMS_S116,GCMS,Prorocentrum lima,Dinoflagellata,0.22753587408466303,22.753587408466302
GCMS_S117,GCMS,Chlorella vulgaris,Chlorophyta,0.3333254072347502,33.33254072347502
GCMS_S118,GCMS,Nannochloropsis gaditana,Bacillariophyta,0.28528371357206556,28.528371357206556
GCMS_S119,GCMS,Nannochloropsis gaditana,Bacillariophyta,0.3595968873140039,35.95968873140039
GCMS_S120,GCMS,Spirulina platensis,Cyanobacteria,0.2548839891152232,25.48839891152232
GCMS_S121,GCMS,Nannochloropsis gaditana,Bacillariophyta,0.27217177550379357,27.217177550379358
GCMS_S122,GCMS,Tetraselmis subcordiformis,Chlorophyta,0.2423932147285357,24.239321472853568
GCMS_S123,GCMS,Tetraselmis subcordiformis,Chlorophyta,0.26532228600057206,26.532228600057206
GCMS_S124,GCMS,Phaeodactylum tricornutum,Bacillariophyta,0.19104760093985326,19.104760093985327
GCMS_S125,GCMS,Tetraselmis subcordiformis,Chlorophyta,0.23109604440479387,23.109604440479387
GCMS_S126,GCMS,Tetraselmis subcordiformis,Chlorophyta,0.3511585623186812,35.11585623186812
GCMS_S127,GCMS,Prorocentrum lima,Dinoflagellata,0.3281827706472441,32.81827706472441
GCMS_S128,GCMS,Nannochloropsis gaditana,Bacillariophyta,0.326657443094881,32.6657443094881
GCMS_S129,GCMS,Prorocentrum lima,Dinoflagellata,0.2280470071612443,22.80470071612443
GCMS_S130,GCMS,Phaeodactylum tricornutum,Bacillariophyta,0.2576131692489663,25.761316924896633
GCMS_S131,GCMS,Tetraselmis subcordiformis,Chlorophyta,0.23398210396466018,23.39821039646602
GCMS_S132,GCMS,Phaeodactylum tricornutum,Bacillariophyta,0.19656278052044127,19.656278052044126
GCMS_S133,GCMS,Nannochloropsis gaditana,Bacillariophyta,0.23230427373384008,23.230427373384007
GCMS_S134,GCMS,Prorocentrum lima,Dinoflagellata,0.25372551735042237,25.372551735042236
GCMS_S135,GCMS,Phaeodactylum tricornutum,Bacillariophyta,0.2761250957129875,27.612509571298748
GCMS_S136,GCMS,Spirulina platensis,Cyanobacteria,0.31733437953564325,31.733437953564327
GCMS_S137,GCMS,Spirulina platensis,Cyanobacteria,0.2725674885782117,27.256748857821172
GCMS_S138,GCMS,Prorocentrum lima,Dinoflagellata,0.29250969333371557,29.250969333371557
GCMS_S139,GCMS,Tetraselmis subcordiformis,Chlorophyta,0.24924570275163227,24.924570275163227
GCMS_S140,GCMS,Chlorella vulgaris,Chlorophyta,0.2814991750024169,28.14991750024169
GCMS_S141,GCMS,Phaeodactylum tricornutum,Bacillariophyta,0.330151305913935,33.0151305913935
GCMS_S142,GCMS,Chlorella vulgaris,Chlorophyta,0.2375876598077227,23.75876598077227
GCMS_S143,GCMS,Prorocentrum lima,Dinoflagellata,0.2459217869784683,24.59217869784683
GCMS_S144,GCMS,Tetraselmis subcordiformis,Chlorophyta,0.21713177518703933,21.713177518703933
GCMS_S145,GCMS,Nannochloropsis gaditana,Bacillariophyta,0.2792154960148373,27.92154960148373
GCMS_S146,GCMS,Tetraselmis subcordiformis,Chlorophyta,0.24558310855480484,24.558310855480485
GCMS_S147,GCMS,Chlorella vulgaris,Chlorophyta,0.2381587113516991,23.81587113516991
GCMS_S148,GCMS,Spirulina platensis,Cyanobacteria,0.22132064442278976,22.132064442278974
GCMS_S149,GCMS,Prorocentrum lima,Dinoflagellata,0.2716579125931946,27.165791259319462
GCMS_S150,GCMS,Chlorella vulgaris,Chlorophyta,0.3435299803111133,34.35299803111133
GCMS_S151,GCMS,Spirulina platensis,Cyanobacteria,0.221048052726946,22.1048052726946
GCMS_S152,GCMS,Prorocentrum lima,Dinoflagellata,0.3027217757050078,30.27217757050078
GCMS_S153,GCMS,Chlorella vulgaris,Chlorophyta,0.27895693281672745,27.895693281672745
GCMS_S154,GCMS,Phaeodactylum tricornutum,Bacillariophyta,0.29035843266048594,29.035843266048595
GCMS_S155,GCMS,Prorocentrum lima,Dinoflagellata,0.2867025478808967,28.67025478808967
GCMS_S156,GCMS,Tetraselmis subcordiformis,Chlorophyta,0.22111023572586308,22.11102357258631
GCMS_S157,GCMS,Phaeodactylum tricornutum,Bacillariophyta,0.4013537683791996,40.135376837919964
GCMS_S158,GCMS,Spirulina platensis,Cyanobacteria,0.27416664727531986,27.416664727531987
GCMS_S159,GCMS,Phaeodactylum tricornutum,Bacillariophyta,0.2599906013703514,25.99906013703514
GCMS_S160,GCMS,Prorocentrum lima,Dinoflagellata,0.29546603461201354,29.546603461201354
GCMS_S161,GCMS,Prorocentrum lima,Dinoflagellata,0.27119374930442997,27.119374930442998
GCMS_S162,GCMS,Chlorella vulgaris,Chlorophyta,0.24981532223828554,24.981532223828555
GCMS_S163,GCMS,Chlorella vulgaris,Chlorophyta,0.3458732757466632,34.58732757466632
GCMS_S164,GCMS,Tetraselmis subcordiformis,Chlorophyta,0.2737009663982134,27.37009663982134
GCMS_S165,GCMS,Tetraselmis subcordiformis,Chlorophyta,0.2167679787852833,21.67679787852833
GCMS_S166,GCMS,Spirulina platensis,Cyanobacteria,0.2415663595253979,24.15663595253979
GCMS_S167,GCMS,Spirulina platensis,Cyanobacteria,0.24127105016549036,24.127105016549034
GCMS_S168,GCMS,Spirulina platensis,Cyanobacteria,0.27233202266833784,27.233202266833782
GCMS_S169,GCMS,Tetraselmis subcordiformis,Chlorophyta,0.24974606391277393,24.974606391277394
GCMS_S170,GCMS,Tetraselmis subcordiformis,Chlorophyta,0.25348781182606817,25.348781182606817
GCMS_S171,GCMS,Spirulina platensis,Cyanobacteria,0.23798031208622009,23.79803120862201
GCMS_S172,GCMS,Nannochloropsis gaditana,Bacillariophyta,0.277296692692871,27.7296692692871
GCMS_S173,GCMS,Phaeodactylum tricornutum,Bacillariophyta,0.23086907204107068,23.086907204107067
GCMS_S174,GCMS,Phaeodactylum tricornutum,Bacillariophyta,0.2656412556319212,26.56412556319212
GCMS_S175,GCMS,Spirulina platensis,Cyanobacteria,0.2291398797121787,22.91398797121787
GCMS_S176,GCMS,Phaeodactylum tricornutum,Bacillariophyta,0.22186399127582543,22.186399127582543
GCMS_S177,GCMS,Phaeodactylum tricornutum,Bacillariophyta,0.280925135709232,28.0925135709232
GCMS_S178,GCMS,Spirulina platensis,Cyanobacteria,0.27445033016064246,27.445033016064247
GCMS_S179,GCMS,Chlorella vulgaris,Chlorophyta,0.310042851380192,31.0042851380192
GCMS_S180,GCMS,Tetraselmis subcordiformis,Chlorophyta,0.24465277904609628,24.46527790460963
GCMS_S181,GCMS,Phaeodactylum tricornutum,Bacillariophyta,0.21452159996485776,21.452159996485776
GCMS_S182,GCMS,Nannochloropsis gaditana,Bacillariophyta,0.2907606174090485,29.07606174090485
GCMS_S183,GCMS,Phaeodactylum tricornutum,Bacillariophyta,0.2683710297127589,26.83710297127589
GCMS_S184,GCMS,Tetraselmis subcordiformis,Chlorophyta,0.30275161199857065,30.275161199857063
GCMS_S185,GCMS,Spirulina platensis,Cyanobacteria,0.2925540989897796,29.25540989897796
GCMS_S186,GCMS,Chlorella vulgaris,Chlorophyta,0.2163663258616125,21.63663258616125
GCMS_S187,GCMS,Prorocentrum lima,Dinoflagellata,0.326062280439435,32.6062280439435
GCMS_S188,GCMS,Phaeodactylum tricornutum,Bacillariophyta,0.3979960884299141,39.799608842991404
GCMS_S189,GCMS,Tetraselmis subcordiformis,Chlorophyta,0.39316717929114703,39.3167179291147
GCMS_S190,GCMS,Tetraselmis subcordiformis,Chlorophyta,0.2505247972962115,25.05247972962115
GCMS_S191,GCMS,Phaeodactylum tricornutum,Bacillariophyta,0.31929550222217157,31.929550222217156
GCMS_S192,GCMS,Prorocentrum lima,Dinoflagellata,0.2056841741212247,20.568417412122468
GCMS_S193,GCMS,Spirulina platensis,Cyanobacteria,0.2577632519156875,25.77632519156875
GCMS_S194,GCMS,Spirulina platensis,Cyanobacteria,0.30295561367584584,30.295561367584583
GCMS_S195,GCMS,Spirulina platensis,Cyanobacteria,0.24340120519602051,24.340120519602053
